{"text_length_sents": 7240, "text_length_clauses": 14278, "text_length_tokens": 110895, "reflective_passages_global": 1505, "reflective_clauses": 3363, "reflective_tokens": 23647, "gi_passages_global": 737, "gi_clauses": 2188, "gi_tokens": 16209, "nfr_passages_global": 178, "nfr_clauses": 487, "nfr_tokens": 3090, "comment_passages_global": 774, "comment_clauses": 1887, "comment_tokens": 12207, "nfr_gi_passages_global": 90, "nfr_gi_clauses": 231, "nfr_gi_tokens": 1468, "comment_gi_passages_global": 78, "comment_gi_clauses": 175, "comment_gi_tokens": 1173, "comment_gi_nfr_passages_global": 29, "comment_gi_nfr_clauses": 63, "comment_gi_nfr_tokens": 414, "reflection_score_mean": 0.38886873129040167, "reflective_clauses_scored": 1937.0, "reflective_clauses_new": 3363.0, "exception": "", "setting": ""}