{"text_length_sents": 14567, "text_length_clauses": 35109, "text_length_tokens": 291145, "reflective_passages_global": 4895, "reflective_clauses": 13161, "reflective_tokens": 104857, "gi_passages_global": 2094, "gi_clauses": 7721, "gi_tokens": 63822, "nfr_passages_global": 926, "nfr_clauses": 4274, "nfr_tokens": 37133, "comment_passages_global": 2684, "comment_clauses": 9598, "comment_tokens": 75849, "nfr_gi_passages_global": 460, "nfr_gi_clauses": 1376, "nfr_gi_tokens": 10288, "comment_gi_passages_global": 270, "comment_gi_clauses": 702, "comment_gi_tokens": 4948, "comment_gi_nfr_passages_global": 169, "comment_gi_nfr_clauses": 484, "comment_gi_nfr_tokens": 3299, "reflection_score_mean": 0.4400824177481275, "reflective_clauses_scored": 9911.0, "reflective_clauses_new": 13161.0, "exception": "", "setting": ""}