{"text_length_sents": 14585, "text_length_clauses": 27699, "text_length_tokens": 218870, "reflective_passages_global": 4065, "reflective_clauses": 9322, "reflective_tokens": 67853, "gi_passages_global": 2069, "gi_clauses": 6647, "gi_tokens": 49195, "nfr_passages_global": 654, "nfr_clauses": 1785, "nfr_tokens": 13426, "comment_passages_global": 1822, "comment_clauses": 4755, "comment_tokens": 33340, "nfr_gi_passages_global": 205, "nfr_gi_clauses": 486, "nfr_gi_tokens": 3621, "comment_gi_passages_global": 185, "comment_gi_clauses": 450, "comment_gi_tokens": 3080, "comment_gi_nfr_passages_global": 79, "comment_gi_nfr_clauses": 198, "comment_gi_nfr_tokens": 1332, "reflection_score_mean": 0.4141797382581892, "reflective_clauses_scored": 5106.0, "reflective_clauses_new": 9322.0, "exception": "", "setting": ""}