{"text_length_sents": 18670, "text_length_clauses": 36532, "text_length_tokens": 305412, "reflective_passages_global": 5228, "reflective_clauses": 12716, "reflective_tokens": 96123, "gi_passages_global": 2615, "gi_clauses": 8341, "gi_tokens": 64394, "nfr_passages_global": 718, "nfr_clauses": 2192, "nfr_tokens": 16923, "comment_passages_global": 2420, "comment_clauses": 6512, "comment_tokens": 46435, "nfr_gi_passages_global": 236, "nfr_gi_clauses": 595, "nfr_gi_tokens": 4266, "comment_gi_passages_global": 199, "comment_gi_clauses": 503, "comment_gi_tokens": 3579, "comment_gi_nfr_passages_global": 88, "comment_gi_nfr_clauses": 224, "comment_gi_nfr_tokens": 1553, "reflection_score_mean": 0.41612625793134017, "reflective_clauses_scored": 7007.0, "reflective_clauses_new": 12716.0, "exception": "", "setting": ""}