{"text_length_sents": 10258, "text_length_clauses": 21942, "text_length_tokens": 191839, "reflective_passages_global": 3033, "reflective_clauses": 8138, "reflective_tokens": 64927, "gi_passages_global": 1515, "gi_clauses": 5279, "gi_tokens": 44039, "nfr_passages_global": 369, "nfr_clauses": 1115, "nfr_tokens": 9169, "comment_passages_global": 1369, "comment_clauses": 4049, "comment_tokens": 30540, "nfr_gi_passages_global": 107, "nfr_gi_clauses": 272, "nfr_gi_tokens": 2250, "comment_gi_passages_global": 68, "comment_gi_clauses": 167, "comment_gi_tokens": 1413, "comment_gi_nfr_passages_global": 25, "comment_gi_nfr_clauses": 73, "comment_gi_nfr_tokens": 590, "reflection_score_mean": 0.42034504898312997, "reflective_clauses_scored": 4286.0, "reflective_clauses_new": 8138.0, "exception": "", "setting": ""}