{"text_length_sents": 14599, "text_length_clauses": 25964, "text_length_tokens": 308726, "reflective_passages_global": 4104, "reflective_clauses": 11376, "reflective_tokens": 122568, "gi_passages_global": 1956, "gi_clauses": 7406, "gi_tokens": 81237, "nfr_passages_global": 1121, "nfr_clauses": 4411, "nfr_tokens": 49160, "comment_passages_global": 1730, "comment_clauses": 8177, "comment_tokens": 87469, "nfr_gi_passages_global": 414, "nfr_gi_clauses": 1425, "nfr_gi_tokens": 15852, "comment_gi_passages_global": 185, "comment_gi_clauses": 606, "comment_gi_tokens": 6701, "comment_gi_nfr_passages_global": 108, "comment_gi_nfr_clauses": 342, "comment_gi_nfr_tokens": 3689, "reflection_score_mean": 0.4606262048854584, "reflective_clauses_scored": 8586.0, "reflective_clauses_new": 11376.0, "exception": "", "setting": ""}