{"text_length_sents": 7257, "text_length_clauses": 13464, "text_length_tokens": 100761, "reflective_passages_global": 1396, "reflective_clauses": 3669, "reflective_tokens": 24869, "gi_passages_global": 849, "gi_clauses": 2953, "gi_tokens": 20692, "nfr_passages_global": 161, "nfr_clauses": 346, "nfr_tokens": 2346, "comment_passages_global": 558, "comment_clauses": 1189, "comment_tokens": 7326, "nfr_gi_passages_global": 74, "nfr_gi_clauses": 161, "nfr_gi_tokens": 1141, "comment_gi_passages_global": 75, "comment_gi_clauses": 160, "comment_gi_tokens": 1092, "comment_gi_nfr_passages_global": 38, "comment_gi_nfr_clauses": 92, "comment_gi_nfr_tokens": 608, "reflection_score_mean": 0.388115335307146, "reflective_clauses_scored": 1255.0, "reflective_clauses_new": 3669.0, "exception": "", "setting": ""}