{"text_length_sents": 12065, "text_length_clauses": 19962, "text_length_tokens": 142968, "reflective_passages_global": 2434, "reflective_clauses": 4601, "reflective_tokens": 29896, "gi_passages_global": 1187, "gi_clauses": 2844, "gi_tokens": 19101, "nfr_passages_global": 284, "nfr_clauses": 591, "nfr_tokens": 3819, "comment_passages_global": 1311, "comment_clauses": 2767, "comment_tokens": 17415, "nfr_gi_passages_global": 139, "nfr_gi_clauses": 289, "nfr_gi_tokens": 1836, "comment_gi_passages_global": 166, "comment_gi_clauses": 333, "comment_gi_tokens": 2216, "comment_gi_nfr_passages_global": 61, "comment_gi_nfr_clauses": 121, "comment_gi_nfr_tokens": 768, "reflection_score_mean": 0.3886061720457208, "reflective_clauses_scored": 2828.0, "reflective_clauses_new": 4601.0, "exception": "", "setting": ""}