{"text_length_sents": 3560, "text_length_clauses": 9035, "text_length_tokens": 80868, "reflective_passages_global": 1221, "reflective_clauses": 3613, "reflective_tokens": 31270, "gi_passages_global": 542, "gi_clauses": 2175, "gi_tokens": 20280, "nfr_passages_global": 181, "nfr_clauses": 1026, "nfr_tokens": 9473, "comment_passages_global": 632, "comment_clauses": 2720, "comment_tokens": 22831, "nfr_gi_passages_global": 76, "nfr_gi_clauses": 418, "nfr_gi_tokens": 3648, "comment_gi_passages_global": 42, "comment_gi_clauses": 122, "comment_gi_tokens": 1199, "comment_gi_nfr_passages_global": 13, "comment_gi_nfr_clauses": 67, "comment_gi_nfr_tokens": 723, "reflection_score_mean": 0.4483194544894371, "reflective_clauses_scored": 2772.0, "reflective_clauses_new": 3613.0, "exception": "", "setting": ""}