{"text_length_sents": 9368, "text_length_clauses": 19732, "text_length_tokens": 144658, "reflective_passages_global": 2266, "reflective_clauses": 9296, "reflective_tokens": 52299, "gi_passages_global": 897, "gi_clauses": 2705, "gi_tokens": 23192, "nfr_passages_global": 226, "nfr_clauses": 725, "nfr_tokens": 6201, "comment_passages_global": 1311, "comment_clauses": 7641, "comment_tokens": 38078, "nfr_gi_passages_global": 90, "nfr_gi_clauses": 277, "nfr_gi_tokens": 2395, "comment_gi_passages_global": 62, "comment_gi_clauses": 121, "comment_gi_tokens": 1064, "comment_gi_nfr_passages_global": 14, "comment_gi_nfr_clauses": 36, "comment_gi_nfr_tokens": 291, "reflection_score_mean": 0.4650115749249455, "reflective_clauses_scored": 7718.0, "reflective_clauses_new": 9296.0, "exception": "", "setting": ""}