{"text_length_sents": 3217, "text_length_clauses": 7039, "text_length_tokens": 56749, "reflective_passages_global": 1405, "reflective_clauses": 3115, "reflective_tokens": 22810, "gi_passages_global": 702, "gi_clauses": 2144, "gi_tokens": 15946, "nfr_passages_global": 259, "nfr_clauses": 799, "nfr_tokens": 5647, "comment_passages_global": 708, "comment_clauses": 2040, "comment_tokens": 14660, "nfr_gi_passages_global": 124, "nfr_gi_clauses": 334, "nfr_gi_tokens": 2241, "comment_gi_passages_global": 98, "comment_gi_clauses": 262, "comment_gi_tokens": 1796, "comment_gi_nfr_passages_global": 49, "comment_gi_nfr_clauses": 144, "comment_gi_nfr_tokens": 871, "reflection_score_mean": 0.45436554244833366, "reflective_clauses_scored": 2091.0, "reflective_clauses_new": 3115.0, "exception": "", "setting": ""}