{"text_length_sents": 6657, "text_length_clauses": 10546, "text_length_tokens": 90150, "reflective_passages_global": 1112, "reflective_clauses": 2364, "reflective_tokens": 17989, "gi_passages_global": 528, "gi_clauses": 1499, "gi_tokens": 11735, "nfr_passages_global": 191, "nfr_clauses": 505, "nfr_tokens": 3873, "comment_passages_global": 583, "comment_clauses": 1423, "comment_tokens": 10370, "nfr_gi_passages_global": 94, "nfr_gi_clauses": 242, "nfr_gi_tokens": 1845, "comment_gi_passages_global": 77, "comment_gi_clauses": 147, "comment_gi_tokens": 1040, "comment_gi_nfr_passages_global": 41, "comment_gi_nfr_clauses": 80, "comment_gi_nfr_tokens": 579, "reflection_score_mean": 0.388221440806537, "reflective_clauses_scored": 1481.0, "reflective_clauses_new": 2364.0, "exception": "", "setting": ""}