{"text_length_sents": 11289, "text_length_clauses": 21601, "text_length_tokens": 162481, "reflective_passages_global": 2556, "reflective_clauses": 5147, "reflective_tokens": 35755, "gi_passages_global": 1110, "gi_clauses": 2789, "gi_tokens": 20115, "nfr_passages_global": 335, "nfr_clauses": 745, "nfr_tokens": 5334, "comment_passages_global": 1504, "comment_clauses": 3406, "comment_tokens": 22892, "nfr_gi_passages_global": 184, "nfr_gi_clauses": 384, "nfr_gi_tokens": 2729, "comment_gi_passages_global": 179, "comment_gi_clauses": 338, "comment_gi_tokens": 2317, "comment_gi_nfr_passages_global": 79, "comment_gi_nfr_clauses": 160, "comment_gi_nfr_tokens": 1128, "reflection_score_mean": 0.3927595923118017, "reflective_clauses_scored": 3458.0, "reflective_clauses_new": 5147.0, "exception": "", "setting": ""}