{"text_length_sents": 16566, "text_length_clauses": 41589, "text_length_tokens": 369340, "reflective_passages_global": 6231, "reflective_clauses": 15911, "reflective_tokens": 130467, "gi_passages_global": 2729, "gi_clauses": 8467, "gi_tokens": 73082, "nfr_passages_global": 1201, "nfr_clauses": 4275, "nfr_tokens": 36315, "comment_passages_global": 3140, "comment_clauses": 11043, "comment_tokens": 87659, "nfr_gi_passages_global": 543, "nfr_gi_clauses": 1735, "nfr_gi_tokens": 14796, "comment_gi_passages_global": 213, "comment_gi_clauses": 568, "comment_gi_tokens": 4941, "comment_gi_nfr_passages_global": 108, "comment_gi_nfr_clauses": 335, "comment_gi_nfr_tokens": 3054, "reflection_score_mean": 0.4379412378599169, "reflective_clauses_scored": 11568.0, "reflective_clauses_new": 15911.0, "exception": "", "setting": ""}