{"text_length_sents": 29220, "text_length_clauses": 77534, "text_length_tokens": 655181, "reflective_passages_global": 13772, "reflective_clauses": 38463, "reflective_tokens": 302418, "gi_passages_global": 6659, "gi_clauses": 26545, "gi_tokens": 215441, "nfr_passages_global": 3781, "nfr_clauses": 17247, "nfr_tokens": 141106, "comment_passages_global": 6535, "comment_clauses": 28616, "comment_tokens": 223054, "nfr_gi_passages_global": 1830, "nfr_gi_clauses": 6771, "nfr_gi_tokens": 54360, "comment_gi_passages_global": 955, "comment_gi_clauses": 3264, "comment_gi_tokens": 25738, "comment_gi_nfr_passages_global": 654, "comment_gi_nfr_clauses": 2268, "comment_gi_nfr_tokens": 17939, "reflection_score_mean": 0.48345780527443033, "reflective_clauses_scored": 29637.0, "reflective_clauses_new": 38463.0, "exception": "", "setting": ""}