{"text_length_sents": 6263, "text_length_clauses": 10984, "text_length_tokens": 79861, "reflective_passages_global": 1460, "reflective_clauses": 3815, "reflective_tokens": 25106, "gi_passages_global": 796, "gi_clauses": 2938, "gi_tokens": 19597, "nfr_passages_global": 275, "nfr_clauses": 881, "nfr_tokens": 6028, "comment_passages_global": 595, "comment_clauses": 1956, "comment_tokens": 13028, "nfr_gi_passages_global": 98, "nfr_gi_clauses": 266, "nfr_gi_tokens": 1855, "comment_gi_passages_global": 72, "comment_gi_clauses": 177, "comment_gi_tokens": 1120, "comment_gi_nfr_passages_global": 36, "comment_gi_nfr_clauses": 89, "comment_gi_nfr_tokens": 601, "reflection_score_mean": 0.41890542584071655, "reflective_clauses_scored": 2072.0, "reflective_clauses_new": 3815.0, "exception": "", "setting": ""}