{"text_length_sents": 9295, "text_length_clauses": 17085, "text_length_tokens": 148345, "reflective_passages_global": 1844, "reflective_clauses": 4807, "reflective_tokens": 41051, "gi_passages_global": 1049, "gi_clauses": 3675, "gi_tokens": 32364, "nfr_passages_global": 202, "nfr_clauses": 487, "nfr_tokens": 3829, "comment_passages_global": 731, "comment_clauses": 1615, "comment_tokens": 12367, "nfr_gi_passages_global": 70, "nfr_gi_clauses": 152, "nfr_gi_tokens": 1233, "comment_gi_passages_global": 44, "comment_gi_clauses": 69, "comment_gi_tokens": 473, "comment_gi_nfr_passages_global": 22, "comment_gi_nfr_clauses": 35, "comment_gi_nfr_tokens": 206, "reflection_score_mean": 0.3905068566557192, "reflective_clauses_scored": 1735.0, "reflective_clauses_new": 4807.0, "exception": "", "setting": ""}