{"text_length_sents": 10686, "text_length_clauses": 25623, "text_length_tokens": 204520, "reflective_passages_global": 3745, "reflective_clauses": 10448, "reflective_tokens": 76674, "gi_passages_global": 1628, "gi_clauses": 6361, "gi_tokens": 48479, "nfr_passages_global": 696, "nfr_clauses": 2637, "nfr_tokens": 19078, "comment_passages_global": 1909, "comment_clauses": 7224, "comment_tokens": 51489, "nfr_gi_passages_global": 286, "nfr_gi_clauses": 1002, "nfr_gi_tokens": 7142, "comment_gi_passages_global": 134, "comment_gi_clauses": 365, "comment_gi_tokens": 2638, "comment_gi_nfr_passages_global": 83, "comment_gi_nfr_clauses": 261, "comment_gi_nfr_tokens": 1883, "reflection_score_mean": 0.4458062122568581, "reflective_clauses_scored": 7366.0, "reflective_clauses_new": 10448.0, "exception": "", "setting": ""}