{"text_length_sents": 15841, "text_length_clauses": 28056, "text_length_tokens": 232525, "reflective_passages_global": 4118, "reflective_clauses": 9551, "reflective_tokens": 74252, "gi_passages_global": 1989, "gi_clauses": 6411, "gi_tokens": 51624, "nfr_passages_global": 691, "nfr_clauses": 1946, "nfr_tokens": 16244, "comment_passages_global": 1931, "comment_clauses": 5089, "comment_tokens": 38305, "nfr_gi_passages_global": 243, "nfr_gi_clauses": 640, "nfr_gi_tokens": 5064, "comment_gi_passages_global": 154, "comment_gi_clauses": 367, "comment_gi_tokens": 2974, "comment_gi_nfr_passages_global": 77, "comment_gi_nfr_clauses": 209, "comment_gi_nfr_tokens": 1731, "reflection_score_mean": 0.41634308207955506, "reflective_clauses_scored": 5395.0, "reflective_clauses_new": 9551.0, "exception": "", "setting": ""}